date,cfd,direction,mode,entry,exit,pnlPts,pnlDollars,exitReason,score,regime,vrp,vix,dxy,structure,barSize,ivRank,dow
2025-01-07,XAUUSD,LONG,swing,2647.6208870967744,2648.49,0.87,0.87,eod,3,very_positive,negative,mid,flat,markup,small,low,Tue
2025-01-08,NAS100,SHORT,swing,21173.100000000002,21045,128.1,12.81,tp1,2,very_positive,negative,mid,up,rotation_day,small,low,Wed
2025-01-09,NAS100,SHORT,swing,21045,21069.5,-24.5,-2.45,eod,2,very_positive,negative,mid,flat,rotation_day,small,low,Thu
2025-01-10,US30,SHORT,scalp,42372.5,42442.5,-70,-7,sl,3,very_positive,positive,mid,up,congestion,medium,low,Fri
2025-01-10,NAS100,SHORT,swing,21045,21133.2,-88.2,-8.82,sl,3,very_positive,negative,mid,up,rotation_day,small,low,Fri
2025-01-13,US30,SHORT,swing,41755.949292452824,41825.949292452824,-70,-7,sl,0,very_positive,zero,mid,up,rotation_day,medium,low,Mon
2025-01-13,US30,SHORT,swing,42063.77358490566,42133.77358490566,-70,-7,sl,0,very_positive,zero,mid,up,rotation_day,medium,low,Mon
2025-01-14,US30,SHORT,scalp,42272.8,42267.8,5,0.5,trail,2,very_positive,positive,mid,up,congestion,small,low,Tue
2025-01-14,NAS100,SHORT,swing,20679,20763.9,-84.9,-8.49,eod,2,very_positive,negative,mid,up,rotation_day,small,low,Tue
2025-01-15,NAS100,SHORT,scalp,20744.8,20739.8,5,0.5,trail,1,very_positive,negative,mid,flat,congestion,large,low,Wed
2025-01-15,NAS100,SHORT,swing,20727.3,20760.481842105262,-33.18,-3.32,sl,1,very_positive,negative,mid,flat,rotation_day,large,low,Wed
2025-01-15,NAS100,SHORT,swing,20756.4,20789.607368421053,-33.21,-3.32,sl,1,very_positive,negative,mid,flat,rotation_day,large,low,Wed
2025-01-15,US30,SHORT,swing,42961.376,43077.7,-116.32,-11.63,sl,1,very_positive,negative,mid,flat,rotation_day,small,low,Wed
2025-02-13,XAUUSD,SHORT,scalp,2904.11,2912.11,-8,-8,sl,2,very_positive,positive,mid,flat,congestion,small,low,Thu
2025-02-13,XAUUSD,SHORT,swing,2906.33,2914.33,-8,-8,sl,2,very_positive,positive,mid,flat,rotation_day,small,low,Thu
2025-02-21,US30,SHORT,swing,43832.626046511636,43628.27813953489,204.35,20.43,tp1,3,very_positive,positive,mid,down,markdown,medium,low,Fri
2025-02-21,US30,SHORT,swing,43648.35558139535,43444.866744186045,203.49,20.35,tp1,3,very_positive,positive,mid,down,markdown,medium,low,Fri
2025-02-21,US30,SHORT,swing,43458.797441860464,43366.4,92.4,9.24,eod,3,very_positive,positive,mid,down,markdown,medium,low,Fri
2025-02-21,US30,SHORT,swing,43302.162558139535,43372.162558139535,-70,-7,sl,3,very_positive,positive,mid,down,markdown,medium,low,Fri
2025-02-24,US30,SHORT,scalp,43519.5,43635.944055944055,-116.44,-11.64,sl,1,very_positive,positive,mid,flat,congestion,medium,low,Mon
2025-02-24,US30,SHORT,scalp,43547.7,43664.20979020978,-116.51,-11.65,sl,1,very_positive,positive,mid,flat,congestion,medium,low,Mon
2025-02-27,XAUUSD,SHORT,swing,2892.202943396226,2876.86,15.34,15.34,eod,3,very_positive,positive,high,up,markdown,small,low,Thu
2025-02-27,XAUUSD,SHORT,swing,2883.1790188679242,2881.1790188679242,2,2,trail,3,very_positive,positive,high,up,markdown,small,low,Thu
2025-03-03,NAS100,SHORT,scalp,20977.2,20796.362068965518,180.84,18.08,tp1,1,very_positive,positive,high,flat,congestion,small,mid,Mon
2025-03-03,NAS100,SHORT,scalp,20914.7,20909.7,5,0.5,trail,1,very_positive,positive,high,flat,congestion,small,mid,Mon
2025-03-03,NAS100,SHORT,scalp,20834.4,20829.4,5,0.5,trail,1,very_positive,positive,high,flat,congestion,small,mid,Mon
2025-03-03,NAS100,SHORT,swing,20858.5,20898.5,-40,-4,sl,1,very_positive,positive,high,flat,markdown,small,mid,Mon
2025-03-03,NAS100,SHORT,swing,20896.2,20891.2,5,0.5,trail,2,very_positive,positive,high,flat,markdown,small,mid,Mon
2025-03-03,NAS100,SHORT,swing,20934.6,20974.6,-40,-4,sl,1,very_positive,positive,high,flat,rotation_day,small,mid,Mon
2025-03-03,NAS100,SHORT,swing,21023.5,21063.5,-40,-4,sl,2,very_positive,positive,high,flat,rotation_day,small,mid,Mon
2025-03-03,NAS100,SHORT,swing,20788.8,20828.8,-40,-4,sl,1,very_positive,positive,high,flat,markdown,small,mid,Mon
2025-03-03,NAS100,SHORT,swing,20879.6,20699.60344827586,180,18,tp1,2,very_positive,positive,high,flat,markdown,small,mid,Mon
2025-03-03,NAS100,SHORT,swing,20638.7,20678.7,-40,-4,sl,1,very_positive,positive,high,flat,markdown,small,mid,Mon
2025-03-03,NAS100,SHORT,swing,20662.1,20702.1,-40,-4,sl,2,very_positive,positive,high,flat,markdown,small,mid,Mon
2025-03-03,NAS100,SHORT,swing,20408.6,20448.6,-40,-4,sl,1,very_positive,positive,high,flat,markdown,small,mid,Mon
2025-03-03,NAS100,SHORT,swing,20420,20460,-40,-4,sl,1,very_positive,positive,high,flat,markdown,small,mid,Mon
2025-03-03,NAS100,SHORT,swing,20475.2,20474.2,1,0.1,eod,1,very_positive,positive,high,flat,markdown,small,mid,Mon
2025-03-04,NAS100,SHORT,scalp,20512.178385416668,20507.178385416668,5,0.5,trail,2,very_positive,positive,high,down,congestion,large,mid,Tue
2025-03-04,NAS100,SHORT,swing,20544.86328125,20455.924479166668,88.94,8.89,tp1,2,very_positive,positive,high,down,rotation_day,large,mid,Tue
2025-03-04,NAS100,SHORT,swing,20463.65234375,20375.065104166668,88.59,8.86,tp1,2,very_positive,positive,high,down,rotation_day,large,mid,Tue
2025-03-04,NAS100,SHORT,swing,20274.4609375,20307.014583333334,-32.55,-3.26,sl,2,very_positive,positive,high,down,markdown,large,mid,Tue
2025-03-04,NAS100,SHORT,swing,20386.151041666668,20297.899305555555,88.25,8.83,tp1,2,very_positive,positive,high,down,markdown,large,mid,Tue
2025-03-04,NAS100,SHORT,swing,20233.955729166668,20146.362847222226,87.59,8.76,tp1,2,very_positive,positive,high,down,markdown,large,mid,Tue
2025-03-04,NAS100,SHORT,swing,20148.233072916668,20180.677430555555,-32.44,-3.24,sl,2,very_positive,positive,high,down,markdown,large,mid,Tue
2025-03-04,NAS100,SHORT,swing,20302.634114583336,20335.212152777778,-32.58,-3.26,sl,2,very_positive,positive,high,down,rotation_day,large,mid,Tue
2025-03-06,NAS100,SHORT,swing,20509.216854908776,20438.12771503041,71.09,7.11,tp1,2,very_positive,positive,high,down,markdown,large,mid,Thu
2025-03-06,NAS100,SHORT,swing,20452.068288444832,20381.177237185057,70.89,7.09,tp1,2,very_positive,positive,high,down,markdown,large,mid,Thu
2025-03-06,NAS100,SHORT,swing,20385.996524761078,20315.334491746307,70.66,7.07,tp1,2,very_positive,positive,high,down,markdown,large,mid,Thu
2025-03-06,NAS100,SHORT,swing,20324.235968722853,20319.235968722853,5,0.5,trail,2,very_positive,positive,high,down,markdown,large,mid,Thu
2025-03-06,NAS100,SHORT,swing,20368.3506516073,20401.00086880973,-32.65,-3.27,sl,2,very_positive,positive,high,down,markdown,large,mid,Thu
2025-03-06,NAS100,SHORT,swing,20290.548392701996,20323.13119026933,-32.58,-3.26,sl,2,very_positive,positive,high,down,markdown,large,mid,Thu
2025-03-06,NAS100,SHORT,intraday,20175.449174630754,20105.51694178975,69.93,6.99,tp1,2,very_positive,positive,high,down,markdown,large,mid,Thu
2025-03-06,NAS100,SHORT,intraday,20077.294005212858,20072.294005212858,5,0.5,trail,3,very_positive,positive,high,down,markdown,large,mid,Thu
2025-03-06,NAS100,SHORT,intraday,20035.68583840139,19966.238053866204,69.45,6.94,tp1,3,very_positive,positive,high,down,markdown,large,mid,Thu
2025-03-06,NAS100,SHORT,intraday,20136.848827106864,20141.3,-4.45,-0.45,eod,2,very_positive,positive,high,down,markdown,large,mid,Thu
2025-03-06,NAS100,SHORT,intraday,20100.654735013035,20133.07298001738,-32.42,-3.24,sl,2,very_positive,positive,high,down,markdown,large,mid,Thu
2025-03-07,NAS100,SHORT,scalp,20114.498257839725,20109.498257839725,5,0.5,trail,3,very_positive,positive,high,down,congestion,medium,mid,Fri
2025-03-07,NAS100,SHORT,swing,19998.701655052264,20101.032229965156,-102.33,-10.23,sl,3,very_positive,positive,high,down,markdown,medium,mid,Fri
2025-03-07,NAS100,SHORT,swing,20011.66768292683,20114.054878048777,-102.39,-10.24,sl,3,very_positive,positive,high,down,markdown,medium,mid,Fri
2025-03-10,NAS100,SHORT,scalp,19946.937282229967,20049.04181184669,-102.1,-10.21,sl,1,very_positive,positive,high,down,congestion,medium,mid,Mon
2025-03-10,NAS100,SHORT,scalp,19925.892421602784,20027.905052264807,-102.01,-10.2,sl,1,very_positive,positive,high,down,congestion,medium,mid,Mon
2025-03-11,NAS100,SHORT,scalp,19315.990418118465,19147.291811846688,168.7,16.87,tp1,2,very_positive,positive,high,down,congestion,medium,mid,Tue
2025-03-11,NAS100,SHORT,scalp,19295.843205574914,19290.843205574914,5,0.5,trail,3,very_positive,positive,high,down,congestion,medium,mid,Tue
2025-03-11,NAS100,SHORT,swing,19234.50391986063,19333.497386759584,-98.99,-9.9,sl,2,very_positive,positive,high,down,markdown,medium,mid,Tue
2025-03-11,NAS100,SHORT,swing,19176.356271777004,19275.09581881533,-98.74,-9.87,sl,2,very_positive,positive,high,down,markdown,medium,mid,Tue
2025-03-11,NAS100,SHORT,swing,19382.117160278747,19481.755226480836,-99.64,-9.96,sl,3,very_positive,positive,high,down,rotation_day,medium,mid,Tue
2025-03-11,NAS100,SHORT,swing,19400.668554006967,19500.38763066202,-99.72,-9.97,sl,2,very_positive,positive,high,down,rotation_day,medium,mid,Tue
2025-03-12,NAS100,SHORT,scalp,19370.547473867595,19470.135017421602,-99.59,-9.96,sl,2,very_positive,positive,high,down,congestion,medium,mid,Wed
2025-03-12,NAS100,SHORT,scalp,19390.594947735193,19490.270034843208,-99.68,-9.97,sl,2,very_positive,positive,high,down,congestion,medium,mid,Wed
2025-03-13,NAS100,SHORT,swing,19482.254790940766,19582.33013937282,-100.08,-10.01,sl,2,very_positive,positive,high,flat,markdown,medium,mid,Thu
2025-03-13,NAS100,SHORT,swing,19461.20993031359,19561.193379790944,-99.98,-10,sl,2,very_positive,positive,high,flat,markdown,medium,mid,Thu
2025-03-14,NAS100,SHORT,swing,19367.954268292684,19467.53048780488,-99.58,-9.96,sl,3,very_positive,positive,high,flat,rotation_day,medium,mid,Fri
2025-03-14,NAS100,SHORT,swing,19636.351045296167,19645.3,-8.95,-0.89,eod,3,very_positive,positive,high,flat,rotation_day,medium,mid,Fri
2025-03-17,NAS100,SHORT,swing,19618.098867595818,19718.767421602788,-100.67,-10.07,sl,1,very_positive,positive,high,down,markdown,medium,mid,Mon
2025-03-17,NAS100,SHORT,swing,19666.871080139375,19767.75261324042,-100.88,-10.09,sl,1,very_positive,positive,high,down,markdown,medium,mid,Mon
2025-03-18,NAS100,SHORT,swing,19694.99738675958,19522.988675958186,172.01,17.2,tp1,1,very_positive,negative,high,flat,rotation_day,medium,mid,Tue
2025-03-18,NAS100,SHORT,swing,19646.62412891986,19475.03789198606,171.59,17.16,tp1,2,very_positive,negative,high,flat,markdown,medium,mid,Tue
2025-03-18,NAS100,SHORT,swing,19424.80531358885,19524.62979094077,-99.82,-9.98,sl,1,very_positive,negative,high,flat,markdown,medium,mid,Tue
2025-03-18,NAS100,SHORT,swing,19458.91594076655,19558.8893728223,-99.97,-10,sl,1,very_positive,negative,high,flat,markdown,medium,mid,Tue
2025-03-19,NAS100,SHORT,scalp,19505.070167696384,19500.070167696384,5,0.5,trail,1,very_positive,negative,mid,flat,congestion,small,mid,Wed
2025-03-19,NAS100,SHORT,swing,19471.406001765223,19572.562665489848,-101.16,-10.12,sl,2,very_positive,negative,mid,flat,rotation_day,large,mid,Wed
2025-03-19,NAS100,SHORT,swing,19518.293468667256,19513.293468667256,5,0.5,trail,1,very_positive,negative,mid,flat,rotation_day,small,mid,Wed
2025-03-19,XAUUSD,SHORT,swing,3039.2665427509296,3037.2665427509296,2,2,trail,3,very_positive,positive,mid,flat,markdown,medium,mid,Wed
2025-03-19,NAS100,SHORT,swing,19491.45278022948,19592.69814651368,-101.25,-10.12,sl,1,very_positive,negative,mid,flat,rotation_day,large,mid,Wed
2025-03-21,US30,SHORT,swing,41725.353919239904,41526.66175771971,198.69,19.87,tp1,2,very_positive,negative,mid,flat,rotation_day,large,mid,Fri
2025-03-21,US30,SHORT,swing,41703.90498812351,41505.31496437054,198.59,19.86,tp1,2,very_positive,negative,mid,flat,rotation_day,large,mid,Fri
2025-03-21,US30,SHORT,swing,41485.92399049881,41599.7,-113.78,-11.38,sl,2,very_positive,negative,mid,flat,markdown,large,mid,Fri
2025-03-21,US30,SHORT,swing,41446.31828978623,41560,-113.68,-11.37,sl,2,very_positive,negative,mid,flat,markdown,large,mid,Fri
2025-03-25,NAS100,SHORT,swing,20161.673433362754,20265.884377758164,-104.21,-10.42,sl,1,very_positive,negative,mid,up,rotation_day,small,low,Tue
2025-03-25,NAS100,SHORT,swing,20198.07678729038,20302.44880847308,-104.37,-10.44,sl,1,very_positive,negative,mid,up,rotation_day,small,low,Tue
2025-03-26,XAUUSD,SHORT,swing,3026.3788104089217,3019.14,7.24,7.24,eod,3,very_positive,positive,mid,up,markdown,small,low,Wed
2025-03-26,NAS100,SHORT,swing,20031.763876651985,19854.491629955948,177.27,17.73,tp1,1,very_positive,negative,mid,up,markdown,small,mid,Wed
2025-03-26,NAS100,SHORT,swing,19994.82731277533,19889.8,105.03,10.5,eod,1,very_positive,negative,mid,up,markdown,small,mid,Wed
2025-03-28,NAS100,SHORT,scalp,19764.51855123675,19759.51855123675,5,0.5,trail,3,positive,negative,high,flat,congestion,small,mid,Fri
2025-03-28,XAUUSD,SHORT,swing,3085.122361623616,3083.122361623616,2,2,trail,3,very_positive,positive,high,flat,rotation_day,small,low,Fri
2025-03-28,NAS100,SHORT,scalp,19745.951413427563,19740.951413427563,5,0.5,trail,3,positive,negative,high,flat,congestion,small,mid,Fri
2025-03-28,NAS100,SHORT,swing,19775,19600,175,17.5,tp1,3,positive,negative,high,flat,rotation_day,small,mid,Fri
2025-03-28,NAS100,SHORT,swing,19701.729681978795,19527.37809187279,174.35,17.44,tp1,3,positive,negative,high,flat,rotation_day,small,mid,Fri
2025-03-28,NAS100,SHORT,intraday,19719.12102473498,19759.12102473498,-40,-4,sl,2,positive,negative,high,flat,markdown,medium,mid,Fri
2025-03-28,NAS100,SHORT,swing,19666.39222614841,19768.411660777387,-102.02,-10.2,sl,2,positive,negative,high,flat,markdown,small,mid,Fri
2025-03-28,NAS100,SHORT,swing,19420.72703180212,19248.862190812717,171.86,17.19,tp1,2,positive,negative,high,flat,markdown,small,mid,Fri
2025-03-28,NAS100,SHORT,swing,19376.60512367491,19205.13074204947,171.47,17.15,tp1,2,positive,negative,high,flat,markdown,small,mid,Fri
2025-03-28,NAS100,SHORT,swing,19267.498233215545,19182.4,85.1,8.51,eod,2,positive,negative,high,flat,markdown,small,mid,Fri
2025-03-28,NAS100,SHORT,intraday,19317.058303886926,19231.96113074205,85.1,8.51,tp1,3,positive,negative,high,flat,markdown,medium,mid,Fri
2025-03-28,NAS100,SHORT,swing,19249.929328621907,19182.4,67.53,6.75,eod,3,positive,negative,high,flat,markdown,small,mid,Fri
2025-03-31,NAS100,SHORT,scalp,19126.926483613817,18957.66164747564,169.26,16.93,tp1,0,very_positive,negative,high,flat,congestion,small,mid,Mon
2025-03-31,NAS100,SHORT,scalp,19092.195748449954,19087.195748449954,5,0.5,trail,0,very_positive,negative,high,flat,congestion,small,mid,Mon
2025-03-31,NAS100,SHORT,swing,19018.330380868025,18850.026572187777,168.3,16.83,tp1,0,very_positive,negative,high,flat,markdown,small,mid,Mon
2025-03-31,NAS100,SHORT,swing,19070.676705048714,18901.909654561558,168.77,16.88,tp1,0,very_positive,negative,high,flat,markdown,small,mid,Mon
2025-03-31,NAS100,SHORT,swing,19048.256864481842,18879.68821966342,168.57,16.86,tp1,1,very_positive,negative,high,flat,rotation_day,small,mid,Mon
2025-03-31,NAS100,SHORT,swing,18981.69796279894,18813.718334809568,167.98,16.8,tp1,1,very_positive,negative,high,flat,markdown,small,mid,Mon
2025-03-31,NAS100,SHORT,swing,19041.951284322407,18873.438441098315,168.51,16.85,tp1,1,very_positive,negative,high,flat,rotation_day,small,mid,Mon
2025-03-31,NAS100,SHORT,swing,18921.74490699734,19020.469441984056,-98.72,-9.87,sl,1,very_positive,negative,high,flat,markdown,small,mid,Mon
2025-03-31,NAS100,SHORT,swing,18938.0593445527,19036.856067316206,-98.8,-9.88,sl,0,very_positive,negative,high,flat,markdown,small,mid,Mon
2025-04-01,NAS100,SHORT,scalp,19144.232834507042,19243.56866197183,-99.34,-9.93,sl,1,very_positive,negative,high,flat,congestion,medium,mid,Tue
2025-04-01,NAS100,SHORT,scalp,19154.823503521126,19149.823503521126,5,0.5,trail,1,very_positive,negative,high,flat,congestion,medium,mid,Tue
2025-04-01,NAS100,SHORT,swing,19114.7588028169,19213.96478873239,-99.21,-9.92,sl,1,very_positive,negative,high,flat,markdown,medium,mid,Tue
2025-04-02,NAS100,SHORT,scalp,19438.147757255938,19181.255936675465,256.89,25.69,tp1,1,positive,negative,high,down,congestion,medium,mid,Wed
2025-04-02,XAUUSD,SHORT,scalp,3125.0712635379064,3123.0712635379064,2,2,trail,3,positive,positive,high,down,congestion,small,mid,Wed
2025-04-02,NAS100,SHORT,swing,19320.654793315745,19315.654793315745,5,0.5,trail,1,positive,negative,high,down,markdown,medium,mid,Wed
2025-04-02,NAS100,SHORT,swing,19335.02946350044,19330.02946350044,5,0.5,trail,2,positive,negative,high,down,markdown,medium,mid,Wed
2025-04-02,NAS100,SHORT,swing,19305.58135444151,19300.58135444151,5,0.5,trail,2,positive,negative,high,down,markdown,medium,mid,Wed
2025-04-02,NAS100,SHORT,swing,19282.721635883907,19382.667546174143,-99.95,-9.99,sl,2,positive,negative,high,down,rotation_day,medium,mid,Wed
2025-04-02,NAS100,SHORT,swing,19256.867194371152,19356.69920844327,-99.83,-9.98,sl,1,positive,negative,high,down,markdown,medium,mid,Wed
2025-04-02,NAS100,SHORT,swing,19235.405013192612,19335.14248021108,-99.74,-9.97,sl,1,positive,negative,high,down,markdown,medium,mid,Wed
2025-04-02,XAUUSD,SHORT,swing,3135.7296028880864,3133.7296028880864,2,2,trail,3,positive,positive,high,down,rotation_day,small,mid,Wed
2025-04-02,NAS100,SHORT,swing,19426.767810026387,19527.348284960422,-100.58,-10.06,sl,1,positive,negative,high,down,markdown,medium,mid,Wed
2025-04-02,NAS100,SHORT,swing,19543.46218117854,19644.55672823219,-101.09,-10.11,sl,1,positive,negative,high,down,markdown,medium,mid,Wed
2025-04-03,NAS100,SHORT,scalp,18719.007482394365,18714.007482394365,5,0.5,trail,1,positive,zero,extreme,down,congestion,medium,high,Thu
2025-04-03,NAS100,SHORT,scalp,18753.07746478873,18748.07746478873,5,0.5,trail,1,positive,zero,extreme,down,congestion,medium,high,Thu
2025-04-03,NAS100,SHORT,scalp,18675.645686619715,18772.917253521126,-97.27,-9.73,sl,1,positive,zero,extreme,down,congestion,medium,high,Thu
2025-04-03,NAS100,SHORT,swing,18925.425616197183,18675.309859154928,250.12,25.01,tp1,1,positive,zero,extreme,down,rotation_day,medium,high,Thu
2025-04-03,NAS100,SHORT,swing,18889.757042253525,18987.971830985916,-98.21,-9.82,sl,2,positive,zero,extreme,down,rotation_day,medium,high,Thu
2025-04-03,NAS100,SHORT,swing,18844.896566901407,18942.913732394365,-98.02,-9.8,sl,1,positive,zero,extreme,down,markdown,medium,high,Thu
2025-04-03,NAS100,SHORT,swing,18794.840669014087,18892.637323943665,-97.8,-9.78,sl,1,positive,zero,extreme,down,markdown,medium,high,Thu
2025-04-03,NAS100,SHORT,swing,18779.853873239437,18877.584507042255,-97.73,-9.77,sl,1,positive,zero,extreme,down,markdown,medium,high,Thu
2025-04-10,NAS100,SHORT,swing,18804.024500907442,18549.91606170599,254.11,25.41,tp1,2,positive,negative,extreme,down,rotation_day,medium,high,Thu
2025-04-10,NAS100,SHORT,swing,18636.718693284936,18631.718693284936,5,0.5,trail,2,positive,negative,extreme,down,markdown,medium,high,Thu
2025-04-10,NAS100,SHORT,swing,18439.900181488203,18190.71234119782,249.19,24.92,tp1,1,positive,negative,extreme,down,markdown,medium,high,Thu
2025-04-10,NAS100,SHORT,swing,18153.838475499095,17908.516333938296,245.32,24.53,tp1,1,positive,negative,extreme,down,markdown,medium,high,Thu
2025-04-10,NAS100,SHORT,swing,18281.961887477315,18034.908348457353,247.05,24.71,tp1,1,positive,negative,extreme,down,markdown,medium,high,Thu
2025-04-10,NAS100,SHORT,swing,18369.392014519057,18364.392014519057,5,0.5,trail,1,positive,negative,extreme,down,markdown,medium,high,Thu
2025-04-14,NAS100,LONG,scalp,18938.63387978142,18898.63387978142,-40,-4,sl,1,very_positive,negative,extreme,down,congestion,small,mid,Mon
2025-04-14,NAS100,LONG,scalp,18840.05464480874,18800.05464480874,-40,-4,sl,1,very_positive,negative,extreme,down,congestion,small,mid,Mon
2025-04-14,NAS100,LONG,scalp,18881.830601092897,18886.830601092897,5,0.5,trail,1,very_positive,negative,extreme,down,congestion,small,mid,Mon
2025-04-14,NAS100,LONG,swing,18925.209471766848,18885.209471766848,-40,-4,sl,1,very_positive,negative,extreme,down,markup,small,mid,Mon
2025-04-14,NAS100,LONG,swing,18899.663023679415,18859.663023679415,-40,-4,sl,1,very_positive,negative,extreme,down,markup,small,mid,Mon
2025-04-15,NAS100,LONG,scalp,18707.393278837422,18667.393278837422,-40,-4,sl,2,very_positive,negative,extreme,down,congestion,medium,mid,Tue
2025-04-15,NAS100,LONG,swing,18770.63578564941,18730.63578564941,-40,-4,sl,2,very_positive,negative,extreme,down,markup,medium,mid,Tue
2025-04-15,NAS100,LONG,swing,18735.5676657584,18740.5676657584,5,0.5,trail,2,very_positive,negative,extreme,down,markup,medium,mid,Tue
2025-04-15,NAS100,LONG,swing,18748.855585831065,18753.855585831065,5,0.5,trail,3,very_positive,negative,extreme,down,rotation_day,medium,mid,Tue
2025-04-15,NAS100,LONG,swing,18845.567665758404,18805.567665758404,-40,-4,sl,3,very_positive,negative,extreme,down,markup,medium,mid,Tue
2025-04-15,NAS100,LONG,swing,18831.280653950955,18791.280653950955,-40,-4,sl,3,very_positive,negative,extreme,down,markup,medium,mid,Tue
2025-04-15,NAS100,LONG,swing,18818.592188919163,18778.592188919163,-40,-4,sl,2,very_positive,negative,extreme,down,rotation_day,medium,mid,Tue
2025-04-30,NAS100,SHORT,swing,19250.618066847335,19245.618066847335,5,0.5,trail,1,positive,negative,high,flat,markdown,small,mid,Wed
2025-05-01,NAS100,LONG,swing,19778.019891500906,19783.019891500906,5,0.5,trail,3,positive,negative,high,up,rotation_day,medium,mid,Thu
2025-05-01,NAS100,LONG,swing,19862.45931283906,19822.45931283906,-40,-4,sl,3,positive,negative,high,up,markup,medium,mid,Thu
2025-05-07,NAS100,LONG,scalp,19818.87985546522,19823.87985546522,5,0.5,trail,2,very_positive,negative,high,flat,congestion,small,mid,Wed
2025-05-07,NAS100,LONG,swing,19741.47244805781,19701.47244805781,-40,-4,sl,3,very_positive,negative,high,flat,rotation_day,small,mid,Wed
2025-05-07,NAS100,LONG,swing,19642.104787714543,19602.104787714543,-40,-4,sl,2,very_positive,negative,high,flat,markup,small,mid,Wed
2025-05-07,NAS100,SHORT,swing,19948.288346883466,19868.1,80.19,8.02,eod,1,very_positive,negative,high,flat,markdown,small,mid,Wed
2025-05-26,US30,SHORT,scalp,41682.75534441805,41752.75534441805,-70,-7,sl,1,very_positive,positive,high,down,congestion,small,low,Mon
2025-05-30,US30,SHORT,scalp,42184.8,42179.8,5,0.5,trail,2,very_positive,negative,mid,flat,congestion,small,low,Fri
2025-05-30,US30,SHORT,scalp,42138.8,42133.8,5,0.5,trail,2,very_positive,negative,mid,flat,congestion,small,low,Fri
2025-05-30,US30,SHORT,swing,42106.1,42220.87748815166,-114.78,-11.48,sl,2,very_positive,negative,mid,flat,rotation_day,small,low,Fri
2025-05-30,US30,SHORT,swing,42172.3,41972.431279620854,199.87,19.99,tp1,2,very_positive,negative,mid,flat,rotation_day,small,low,Fri
2025-05-30,US30,SHORT,swing,42215.3,42015.22748815166,200.07,20.01,tp1,2,very_positive,negative,mid,flat,rotation_day,small,low,Fri
2025-05-30,US30,SHORT,swing,42124.2,42119.2,5,0.5,trail,2,very_positive,negative,mid,flat,rotation_day,small,low,Fri
2025-05-30,US30,SHORT,swing,42149.7,41949.93838862559,199.76,19.98,tp1,3,very_positive,negative,mid,flat,rotation_day,small,low,Fri
2025-05-30,US30,SHORT,swing,42035,42149.60900473934,-114.61,-11.46,sl,2,very_positive,negative,mid,flat,markdown,small,low,Fri
2025-05-30,US30,SHORT,swing,42079,42193.71327014218,-114.71,-11.47,sl,2,very_positive,negative,mid,flat,markdown,small,low,Fri
2025-05-30,US30,SHORT,swing,41977.3,42091.77227488152,-114.47,-11.45,sl,2,very_positive,negative,mid,flat,markdown,small,low,Fri
2025-05-30,US30,SHORT,swing,42053.8,42168.45355450237,-114.65,-11.47,sl,2,very_positive,negative,mid,flat,markdown,small,low,Fri
2025-06-25,XAUUSD,SHORT,swing,3325.7080906148867,3332.18,-6.47,-6.47,eod,1,very_positive,negative,mid,down,markdown,medium,mid,Wed
2025-07-10,US30,LONG,swing,44587.00448430493,44787.39551569506,200.39,20.04,tp1,4,very_positive,positive,mid,up,markup,large,low,Thu
2025-07-16,US30,SHORT,scalp,43968.2,43963.2,5,0.5,trail,2,very_positive,positive,mid,up,congestion,small,low,Wed
2025-07-16,US30,SHORT,scalp,43947.7,43942.7,5,0.5,trail,2,very_positive,positive,mid,up,congestion,small,low,Wed
2025-07-16,US30,SHORT,swing,43937.1,44007.1,-70,-7,sl,2,very_positive,positive,mid,up,rotation_day,small,low,Wed
2025-07-16,US30,SHORT,swing,44059.6,44129.6,-70,-7,sl,2,very_positive,positive,mid,up,rotation_day,small,low,Wed
2025-07-16,US30,SHORT,swing,44081.9,44151.9,-70,-7,sl,2,very_positive,positive,mid,up,rotation_day,small,low,Wed
2025-07-21,XAUUSD,SHORT,scalp,3346.94,3354.94,-8,-8,sl,1,very_positive,positive,mid,flat,congestion,small,low,Mon
2025-07-21,XAUUSD,SHORT,swing,3354.85,3362.85,-8,-8,sl,1,very_positive,positive,mid,flat,rotation_day,small,low,Mon
2025-08-01,US30,SHORT,swing,44153.14806378132,43651.40774487472,501.74,50.17,tp1,4,very_positive,positive,high,up,markdown,medium,low,Fri
2025-08-01,US30,SHORT,swing,44022.45102505695,43522.19589977221,500.26,50.03,tp1,3,very_positive,positive,high,up,markdown,medium,low,Fri
2025-08-01,US30,SHORT,swing,43783.70842824601,43853.70842824601,-70,-7,sl,3,very_positive,positive,high,up,markdown,medium,low,Fri
2025-08-01,US30,SHORT,swing,43874.91571753986,43376.33712984055,498.58,49.86,tp1,3,very_positive,positive,high,up,rotation_day,medium,low,Fri
2025-08-01,US30,SHORT,swing,43911.49886104783,43412.50455580866,498.99,49.9,tp1,3,very_positive,positive,high,up,rotation_day,medium,low,Fri
2025-08-01,US30,SHORT,swing,43574.53302961276,43644.53302961276,-70,-7,sl,3,very_positive,positive,high,up,markdown,medium,low,Fri
2025-08-01,US30,SHORT,swing,43649.202733485195,43644.202733485195,5,0.5,trail,3,very_positive,positive,high,up,markdown,medium,low,Fri
2025-08-01,US30,SHORT,swing,43586.05922551253,43581.05922551253,5,0.5,trail,3,very_positive,positive,high,up,markdown,medium,low,Fri
2025-08-01,US30,SHORT,swing,43662.23234624146,43657.23234624146,5,0.5,trail,3,very_positive,positive,high,up,markdown,medium,low,Fri
2025-08-04,NAS100,SHORT,scalp,22727.3,22767.3,-40,-4,sl,0,very_positive,negative,mid,flat,congestion,medium,low,Mon
2025-08-04,NAS100,SHORT,scalp,22804.5,22799.5,5,0.5,trail,0,very_positive,negative,mid,flat,congestion,medium,low,Mon
2025-08-04,NAS100,SHORT,swing,22870,22910,-40,-4,sl,0,very_positive,negative,mid,flat,rotation_day,medium,low,Mon
2025-08-04,NAS100,SHORT,swing,22887.7,22927.7,-40,-4,sl,0,very_positive,negative,mid,flat,rotation_day,medium,low,Mon
2025-08-04,NAS100,SHORT,swing,22903.5,22943.5,-40,-4,sl,0,very_positive,negative,mid,flat,rotation_day,medium,low,Mon
2025-08-06,US30,SHORT,swing,44214.05466970387,44209.05466970387,5,0.5,trail,2,positive,positive,mid,down,rotation_day,small,low,Wed
2025-08-06,US30,SHORT,swing,44081.15808656037,44151.15808656037,-70,-7,sl,2,positive,positive,mid,down,markdown,small,low,Wed
2025-08-26,XAUUSD,SHORT,scalp,3365.4153951890034,3373.4153951890034,-8,-8,sl,3,very_positive,positive,low,flat,congestion,small,low,Tue
2025-09-04,XAUUSD,SHORT,swing,3552.715132450331,3545.75,6.97,6.97,eod,2,very_positive,positive,mid,flat,rotation_day,small,low,Thu
2025-09-19,XAUUSD,SHORT,scalp,3642.81,3640.81,2,2,trail,3,very_positive,positive,mid,flat,congestion,medium,low,Fri
2025-09-19,XAUUSD,SHORT,scalp,3640.28,3638.28,2,2,trail,3,very_positive,positive,mid,flat,congestion,medium,low,Fri
2025-09-19,XAUUSD,SHORT,swing,3638.08,3646.08,-8,-8,sl,4,very_positive,positive,mid,flat,markdown,medium,low,Fri
2025-09-19,XAUUSD,SHORT,swing,3650.45,3658.45,-8,-8,sl,3,very_positive,positive,mid,flat,markdown,medium,low,Fri
2025-09-19,XAUUSD,SHORT,swing,3649.42,3657.42,-8,-8,sl,4,very_positive,positive,mid,flat,markdown,medium,low,Fri
2025-09-22,XAUUSD,SHORT,swing,3694.61,3702.61,-8,-8,sl,1,very_positive,positive,mid,flat,rotation_day,small,low,Mon
2025-09-22,XAUUSD,SHORT,swing,3689.33,3697.33,-8,-8,sl,2,very_positive,positive,mid,flat,rotation_day,small,low,Mon
2025-09-26,XAUUSD,SHORT,swing,3755.404417177914,3753.404417177914,2,2,trail,4,very_positive,positive,mid,up,markdown,small,low,Fri
2025-09-26,XAUUSD,SHORT,swing,3785.8976687116565,3762.7423312883434,23.16,23.16,tp1,4,very_positive,positive,mid,up,rotation_day,small,low,Fri
2025-10-01,XAUUSD,SHORT,swing,3890.013963963964,3888.013963963964,2,2,trail,2,very_positive,positive,mid,flat,rotation_day,large,mid,Wed
2025-10-02,XAUUSD,SHORT,swing,3860.709009009009,3826.1354954954954,34.57,34.57,tp1,2,very_positive,positive,mid,down,markdown,large,low,Thu
2025-10-06,XAUUSD,SHORT,scalp,3902.1482035928143,3910.1482035928143,-8,-8,sl,1,very_positive,positive,mid,flat,congestion,large,mid,Mon
2025-10-06,XAUUSD,SHORT,scalp,3910.6435628742515,3908.6435628742515,2,2,trail,1,very_positive,positive,mid,flat,congestion,large,mid,Mon
2025-10-06,XAUUSD,SHORT,swing,3946.600898203593,3944.600898203593,2,2,trail,1,very_positive,positive,mid,flat,markdown,large,mid,Mon
2025-10-06,XAUUSD,SHORT,swing,3942.8898203592817,3940.8898203592817,2,2,trail,1,very_positive,positive,mid,flat,markdown,large,mid,Mon
2025-10-06,XAUUSD,SHORT,swing,3956.4101796407185,3964.4101796407185,-8,-8,sl,1,very_positive,positive,mid,flat,rotation_day,large,mid,Mon
2025-10-07,XAUUSD,SHORT,swing,3969.8651632047477,3967.8651632047477,2,2,trail,3,very_positive,positive,mid,up,markdown,small,mid,Tue
2025-10-07,XAUUSD,SHORT,swing,3957.6389910979224,3974.3479821958454,-16.71,-16.71,sl,3,very_positive,positive,mid,up,markdown,small,mid,Tue
2025-10-07,XAUUSD,SHORT,swing,3964.4491394658753,3981.1782789317504,-16.73,-16.73,sl,4,very_positive,positive,mid,up,markdown,small,mid,Tue
2025-10-10,XAUUSD,SHORT,swing,3984.70988372093,3961.6101162790696,23.1,23.1,tp1,4,very_positive,positive,high,up,markdown,medium,high,Fri
2025-10-10,XAUUSD,SHORT,swing,3959.486773255814,3967.486773255814,-8,-8,sl,4,very_positive,positive,high,up,markdown,medium,high,Fri
2025-10-10,XAUUSD,SHORT,swing,3977.8700581395346,3975.8700581395346,2,2,trail,4,very_positive,positive,high,up,markdown,medium,high,Fri
2025-10-10,XAUUSD,SHORT,swing,3970.448546511628,3968.448546511628,2,2,trail,4,very_positive,positive,high,up,rotation_day,medium,high,Fri
2025-10-10,XAUUSD,SHORT,swing,3992.301889534884,3990.301889534884,2,2,trail,4,very_positive,positive,high,up,markdown,medium,high,Fri
2025-10-10,XAUUSD,SHORT,swing,4000.756395348837,4008.756395348837,-8,-8,sl,5,very_positive,positive,high,up,markdown,medium,high,Fri
2025-10-10,XAUUSD,SHORT,swing,4015.639534883721,4018.46,-2.82,-2.82,eod,4,very_positive,positive,high,up,rotation_day,medium,high,Fri
2025-10-14,XAUUSD,SHORT,swing,4135.775965909091,4143.775965909091,-8,-8,sl,2,very_positive,positive,high,flat,markdown,medium,high,Tue
2025-10-15,XAUUSD,LONG,scalp,4149.0230028328615,4151.0230028328615,2,2,trail,3,very_positive,positive,high,flat,congestion,small,high,Wed
2025-10-15,XAUUSD,LONG,scalp,4153.75954674221,4177.360453257791,23.6,23.6,tp1,3,very_positive,positive,high,flat,congestion,small,high,Wed
2025-10-15,XAUUSD,LONG,swing,4167.181416430595,4169.181416430595,2,2,trail,3,very_positive,positive,high,flat,markup,small,high,Wed
2025-10-15,XAUUSD,LONG,swing,4169.734164305949,4193.425835694051,23.69,23.69,tp1,3,very_positive,positive,high,flat,markup,small,high,Wed
2025-10-15,XAUUSD,LONG,swing,4171.838186968838,4195.541813031161,23.7,23.7,tp1,3,very_positive,positive,high,flat,markup,small,high,Wed
2025-10-15,XAUUSD,LONG,swing,4203.50821529745,4195.50821529745,-8,-8,sl,3,very_positive,positive,high,flat,markup,small,high,Wed
2025-10-15,XAUUSD,LONG,swing,4178.24,4201.98,23.74,23.74,tp1,4,very_positive,positive,high,flat,markup,small,high,Wed
2025-10-15,XAUUSD,LONG,swing,4189.418243626062,4181.418243626062,-8,-8,sl,4,very_positive,positive,high,flat,markup,small,high,Wed
2025-10-17,XAUUSD,SHORT,scalp,4362.160166204985,4370.160166204985,-8,-8,sl,3,very_positive,positive,high,down,congestion,small,high,Fri
2025-10-17,XAUUSD,SHORT,scalp,4358.971357340721,4356.971357340721,2,2,trail,3,very_positive,positive,high,down,congestion,small,high,Fri
2025-10-17,XAUUSD,SHORT,scalp,4380.641218836566,4356.438781163435,24.2,24.2,tp1,3,very_positive,positive,high,down,congestion,small,high,Fri
2025-10-17,XAUUSD,SHORT,swing,4326.3412188365655,4334.3412188365655,-8,-8,sl,3,very_positive,positive,high,down,markdown,small,high,Fri
2025-10-17,XAUUSD,SHORT,swing,4351.490692520776,4359.490692520776,-8,-8,sl,3,very_positive,positive,high,down,markdown,small,high,Fri
2025-10-17,XAUUSD,SHORT,swing,4368.888753462604,4366.888753462604,2,2,trail,3,very_positive,positive,high,down,rotation_day,small,high,Fri
2025-10-17,XAUUSD,SHORT,swing,4347.299113573407,4323.280886426593,24.02,24.02,tp1,3,very_positive,positive,high,down,markdown,small,high,Fri
2025-10-17,XAUUSD,SHORT,swing,4339.658005540166,4315.681994459834,23.98,23.98,tp1,3,very_positive,positive,high,down,markdown,small,high,Fri
2025-10-17,XAUUSD,SHORT,swing,4319.712908587257,4295.847091412742,23.87,23.87,tp1,3,very_positive,positive,high,down,markdown,small,high,Fri
2025-10-17,XAUUSD,SHORT,swing,4305.202825484765,4313.202825484765,-8,-8,sl,4,very_positive,positive,high,down,markdown,small,high,Fri
2025-10-17,XAUUSD,SHORT,swing,4285.6287534626035,4261.9512465373955,23.68,23.68,tp1,3,very_positive,positive,high,down,markdown,small,high,Fri
2025-10-17,XAUUSD,SHORT,swing,4260.038060941829,4236.501939058172,23.54,23.54,tp1,3,very_positive,positive,high,down,markdown,small,high,Fri
2025-10-17,XAUUSD,SHORT,swing,4245.658337950139,4222.201662049862,23.46,23.46,tp1,4,very_positive,positive,high,down,markdown,small,high,Fri
2025-10-17,XAUUSD,SHORT,swing,4216.507811634348,4193.212188365651,23.3,23.3,tp1,3,very_positive,positive,high,down,markdown,small,high,Fri
2025-10-17,XAUUSD,SHORT,swing,4234.266869806093,4242.266869806093,-8,-8,sl,3,very_positive,positive,high,down,markdown,small,high,Fri
2025-10-22,XAUUSD,SHORT,swing,4071.246338797814,4079.246338797814,-8,-8,sl,2,very_positive,negative,mid,flat,markdown,mega,high,Wed
2025-10-22,XAUUSD,SHORT,swing,4109.976830601093,4087.64,22.34,22.34,tp1,2,very_positive,negative,mid,flat,markdown,mega,high,Wed
2025-10-22,XAUUSD,SHORT,swing,4057.1597814207653,4035.1100000000006,22.05,22.05,tp1,1,very_positive,negative,mid,flat,markdown,mega,high,Wed
2025-10-22,XAUUSD,SHORT,swing,4044.3702732240436,4042.3702732240436,2,2,trail,1,very_positive,negative,mid,flat,markdown,mega,high,Wed
2025-10-22,XAUUSD,SHORT,swing,4067.485901639345,4065.485901639345,2,2,trail,1,very_positive,negative,mid,flat,markdown,mega,high,Wed
2025-10-22,XAUUSD,SHORT,swing,4086.710382513661,4064.5,22.21,22.21,tp1,1,very_positive,negative,mid,flat,markdown,mega,high,Wed
2025-10-22,XAUUSD,SHORT,swing,4051.3180327868854,4059.3180327868854,-8,-8,sl,1,very_positive,negative,mid,flat,markdown,mega,high,Wed
2025-10-23,XAUUSD,SHORT,swing,4102.124153005464,4079.83,22.29,22.29,tp1,2,very_positive,negative,mid,up,markdown,mega,high,Thu
2025-10-31,XAUUSD,SHORT,scalp,4033.270939226519,4031.270939226519,2,2,trail,3,very_positive,negative,mid,up,congestion,small,mid,Fri
2025-10-31,XAUUSD,SHORT,scalp,4048.9942541436462,4015.531491712707,33.46,33.46,tp1,3,very_positive,negative,mid,up,congestion,small,mid,Fri
2025-10-31,XAUUSD,SHORT,scalp,4043.1982872928174,4009.7834254143645,33.41,33.41,tp1,3,very_positive,negative,mid,up,congestion,small,mid,Fri
2025-10-31,XAUUSD,SHORT,swing,4002.506187845304,4018.5323756906078,-16.03,-16.03,sl,3,very_positive,negative,mid,up,markdown,small,mid,Fri
2025-10-31,XAUUSD,SHORT,swing,4013.5867127071824,4029.6434254143646,-16.06,-16.06,sl,4,very_positive,negative,mid,up,markdown,small,mid,Fri
2025-10-31,XAUUSD,SHORT,swing,4019.753701657459,4035.8274033149173,-16.07,-16.07,sl,3,very_positive,negative,mid,up,rotation_day,small,mid,Fri
2025-10-31,XAUUSD,SHORT,swing,3989.8212430939225,4005.812486187845,-15.99,-15.99,sl,3,very_positive,negative,mid,up,markdown,small,mid,Fri
2025-11-03,XAUUSD,SHORT,scalp,3994.649085872576,3992.649085872576,2,2,trail,1,very_positive,negative,mid,up,congestion,small,mid,Mon
2025-11-04,XAUUSD,SHORT,scalp,3999.317403314917,3997.317403314917,2,2,trail,2,very_positive,negative,mid,up,congestion,medium,mid,Tue
2025-11-04,XAUUSD,SHORT,scalp,3991.0947513812152,3989.0947513812152,2,2,trail,2,very_positive,negative,mid,up,congestion,medium,mid,Tue
2025-11-04,XAUUSD,SHORT,swing,3996.2690055248618,3994.2690055248618,2,2,trail,3,very_positive,negative,mid,up,markdown,medium,mid,Tue
2025-11-04,XAUUSD,SHORT,swing,3988.2368784530386,3986.2368784530386,2,2,trail,2,very_positive,negative,mid,up,markdown,medium,mid,Tue
2025-11-04,XAUUSD,SHORT,swing,3983.9751381215474,3981.9751381215474,2,2,trail,2,very_positive,negative,mid,up,markdown,medium,mid,Tue
2025-11-04,XAUUSD,SHORT,swing,3968.0011325966852,3935.20773480663,32.79,32.79,tp1,2,very_positive,negative,mid,up,markdown,medium,mid,Tue
2025-11-04,XAUUSD,SHORT,swing,3976.273922651934,3943.412154696133,32.86,32.86,tp1,2,very_positive,negative,mid,up,markdown,medium,mid,Tue
2025-11-04,XAUUSD,SHORT,swing,3949.2996132596686,3931.75,17.55,17.55,eod,3,very_positive,negative,mid,up,markdown,medium,mid,Tue
2025-11-04,XAUUSD,SHORT,swing,3945.168232044199,3931.75,13.42,13.42,eod,2,very_positive,negative,mid,up,markdown,medium,mid,Tue
2025-11-18,XAUUSD,SHORT,scalp,4047.8604958677683,4014.4990082644626,33.36,33.36,tp1,1,very_positive,negative,high,flat,congestion,small,mid,Tue
2025-11-18,XAUUSD,SHORT,swing,4028.567493112948,4026.567493112948,2,2,trail,1,very_positive,negative,high,flat,markdown,small,mid,Tue
2025-11-18,XAUUSD,SHORT,swing,4023.343140495868,4021.343140495868,2,2,trail,1,very_positive,negative,high,flat,markdown,small,mid,Tue
2025-11-18,XAUUSD,SHORT,swing,4013.4258953168046,4029.451790633609,-16.03,-16.03,sl,1,very_positive,negative,high,flat,markdown,small,mid,Tue
2025-11-18,XAUUSD,SHORT,swing,4036.1082093663913,4052.1964187327826,-16.09,-16.09,sl,1,very_positive,negative,high,flat,markdown,small,mid,Tue
2025-11-18,XAUUSD,SHORT,swing,4075.867438016529,4067.63,8.24,8.24,eod,2,very_positive,negative,high,flat,markdown,small,mid,Tue
2025-11-21,NAS100,SHORT,swing,24067.11401425178,23897.228503562947,169.89,16.99,tp1,3,very_positive,positive,high,up,markdown,small,low,Fri
2025-11-21,NAS100,SHORT,swing,24184.720902612826,24224.720902612826,-40,-4,sl,3,very_positive,positive,high,up,markdown,small,low,Fri
2025-11-25,XAUUSD,SHORT,swing,4138.6062125340595,4146.6062125340595,-8,-8,sl,2,very_positive,zero,mid,flat,markdown,mega,mid,Tue
2025-11-25,XAUUSD,SHORT,swing,4147.851335149863,4155.851335149863,-8,-8,sl,2,very_positive,zero,mid,flat,rotation_day,mega,mid,Tue
2025-11-26,XAUUSD,SHORT,scalp,4144.692752043597,4142.692752043597,2,2,trail,1,very_positive,zero,mid,down,congestion,mega,mid,Wed
2025-11-26,XAUUSD,SHORT,scalp,4150.879564032698,4158.879564032698,-8,-8,sl,1,very_positive,zero,mid,down,congestion,mega,mid,Wed
2025-11-26,XAUUSD,SHORT,swing,4162.310626702997,4170.310626702997,-8,-8,sl,1,very_positive,zero,mid,down,markdown,mega,mid,Wed
2025-11-26,XAUUSD,SHORT,swing,4171.214822888283,4148.545177111717,22.67,22.67,tp1,1,very_positive,zero,mid,down,rotation_day,mega,mid,Wed
2025-11-26,XAUUSD,SHORT,swing,4158.680762942779,4156.680762942779,2,2,trail,1,very_positive,zero,mid,down,markdown,mega,mid,Wed
2025-11-26,XAUUSD,SHORT,swing,4153.205885558584,4151.205885558584,2,2,trail,1,very_positive,zero,mid,down,markdown,mega,mid,Wed
2025-12-01,XAUUSD,LONG,scalp,4205.6433962264155,4228.376603773585,22.73,22.73,tp1,3,very_positive,positive,mid,down,congestion,small,mid,Mon
2025-12-01,XAUUSD,SHORT,scalp,4228.376603773585,4226.376603773585,2,2,trail,1,very_positive,positive,mid,down,congestion,small,mid,Mon
2025-12-01,XAUUSD,SHORT,scalp,4233.5104043126685,4231.5104043126685,2,2,trail,1,very_positive,positive,mid,down,congestion,small,mid,Mon
2025-12-01,XAUUSD,LONG,scalp,4220.393530997305,4243.2064690026955,22.81,22.81,tp1,3,very_positive,positive,mid,down,congestion,small,mid,Mon
2025-12-01,XAUUSD,SHORT,scalp,4243.2064690026955,4251.2064690026955,-8,-8,sl,1,very_positive,positive,mid,down,congestion,small,mid,Mon
2025-12-01,XAUUSD,LONG,swing,4237.048517520216,4229.048517520216,-8,-8,sl,4,very_positive,positive,mid,down,markup,small,mid,Mon
2025-12-01,XAUUSD,LONG,swing,4231.413746630728,4233.413746630728,2,2,trail,4,very_positive,positive,mid,down,markup,small,mid,Mon
2025-12-01,XAUUSD,SHORT,swing,4249.663827493261,4226.816172506738,22.85,22.85,tp1,1,very_positive,positive,mid,down,rotation_day,small,mid,Mon
2025-12-01,XAUUSD,SHORT,swing,4240.940377358491,4248.940377358491,-8,-8,sl,1,very_positive,positive,mid,down,markdown,small,mid,Mon
2025-12-01,XAUUSD,SHORT,swing,4246.816172506738,4254.816172506738,-8,-8,sl,1,very_positive,positive,mid,down,markdown,small,mid,Mon
2025-12-01,XAUUSD,LONG,swing,4229.309433962264,4252.170566037736,22.86,22.86,tp1,4,very_positive,positive,mid,down,rotation_day,small,mid,Mon
2025-12-01,XAUUSD,SHORT,swing,4252.170566037736,4250.170566037736,2,2,trail,1,very_positive,positive,mid,down,rotation_day,small,mid,Mon
2025-12-01,XAUUSD,LONG,swing,4239.332345013477,4262.247654986523,22.92,22.92,tp1,3,very_positive,positive,mid,down,markup,small,mid,Mon
2025-12-01,XAUUSD,SHORT,swing,4264.082587601078,4241.157412398921,22.93,22.93,tp1,1,very_positive,positive,mid,down,rotation_day,small,mid,Mon
2025-12-01,XAUUSD,LONG,swing,4245.41590296496,4237.41590296496,-8,-8,sl,3,very_positive,positive,mid,down,rotation_day,small,mid,Mon
2025-12-02,XAUUSD,LONG,scalp,4221.779784366577,4223.779784366577,2,2,trail,4,very_positive,positive,mid,down,congestion,small,mid,Tue
2025-12-02,XAUUSD,LONG,scalp,4216.922911051212,4208.922911051212,-8,-8,sl,5,very_positive,positive,mid,down,congestion,small,mid,Tue
2025-12-02,XAUUSD,SHORT,swing,4225.258221024258,4202.541778975741,22.72,22.72,tp1,2,very_positive,positive,mid,down,markdown,small,mid,Tue
2025-12-02,XAUUSD,LONG,swing,4207.917250673854,4199.917250673854,-8,-8,sl,5,very_positive,positive,mid,down,rotation_day,small,mid,Tue
2025-12-02,XAUUSD,LONG,swing,4213.621832884097,4205.621832884097,-8,-8,sl,5,very_positive,positive,mid,down,rotation_day,small,mid,Tue
2025-12-02,XAUUSD,SHORT,swing,4220.846361185983,4198.153638814016,22.69,22.69,tp1,2,very_positive,positive,mid,down,markdown,small,mid,Tue
2025-12-02,XAUUSD,LONG,swing,4198.911590296497,4190.911590296497,-8,-8,sl,5,very_positive,positive,mid,down,rotation_day,small,mid,Tue
2025-12-02,XAUUSD,LONG,swing,4193.954986522911,4216.625013477089,22.67,22.67,tp1,4,very_positive,positive,mid,down,rotation_day,small,mid,Tue
2025-12-02,XAUUSD,SHORT,swing,4216.625013477089,4214.625013477089,2,2,trail,2,very_positive,positive,mid,down,rotation_day,small,mid,Tue
2025-12-02,XAUUSD,SHORT,swing,4188.619730458221,4196.619730458221,-8,-8,sl,2,very_positive,positive,mid,down,markdown,small,mid,Tue
2025-12-02,XAUUSD,SHORT,swing,4198.68679245283,4196.68679245283,2,2,trail,3,very_positive,positive,mid,down,markdown,small,mid,Tue
2025-12-02,XAUUSD,LONG,swing,4182.436118598383,4205.043881401617,22.61,22.61,tp1,5,very_positive,positive,mid,down,rotation_day,small,mid,Tue
2025-12-11,XAUUSD,SHORT,scalp,4236.8794609164415,4234.8794609164415,2,2,trail,2,very_positive,positive,low,down,congestion,small,mid,Thu
2025-12-11,XAUUSD,SHORT,scalp,4243.7780053908355,4241.7780053908355,2,2,trail,2,very_positive,positive,low,down,congestion,small,mid,Thu
2025-12-11,XAUUSD,SHORT,swing,4281.399137466307,4279.79,1.61,1.61,eod,3,very_positive,positive,low,down,markdown,small,mid,Thu
2025-12-22,XAUUSD,SHORT,scalp,4367.880478723405,4365.880478723405,2,2,trail,1,very_positive,positive,low,flat,congestion,small,mid,Mon
2025-12-22,XAUUSD,SHORT,scalp,4385.021170212765,4383.021170212765,2,2,trail,2,very_positive,positive,low,flat,congestion,small,mid,Mon
2026-01-02,NAS100,SHORT,swing,25608.201066260473,25220.19801980198,388,38.8,tp1,3,very_positive,positive,low,flat,markdown,small,low,Fri
2026-01-05,NAS100,SHORT,swing,25478.81492764661,25473.81492764661,5,0.5,trail,1,very_positive,positive,low,flat,rotation_day,small,low,Mon
2026-01-23,XAUUSD,LONG,scalp,4934.4324324324325,4936.4324324324325,2,2,trail,6,very_positive,positive,mid,down,congestion,small,high,Fri
2026-01-29,XAUUSD,LONG,scalp,5486.86013667426,5499.33027334852,12.47,12.47,tp1,4,very_positive,positive,mid,down,congestion,mega,high,Thu
2026-01-29,XAUUSD,LONG,scalp,5524.666059225512,5516.666059225512,-8,-8,sl,4,very_positive,positive,mid,down,congestion,mega,high,Thu
2026-01-29,XAUUSD,LONG,scalp,5521.759453302961,5513.759453302961,-8,-8,sl,5,very_positive,positive,mid,down,congestion,mega,high,Thu
2026-01-29,XAUUSD,LONG,swing,5534.49840546697,5526.49840546697,-8,-8,sl,4,very_positive,positive,mid,down,markup,mega,high,Thu
2026-01-29,XAUUSD,LONG,swing,5548.530296127563,5540.530296127563,-8,-8,sl,4,very_positive,positive,mid,down,markup,mega,high,Thu
2026-03-02,NAS100,SHORT,scalp,24827.001510574017,24640.332326283988,186.67,18.67,tp1,1,very_positive,positive,high,up,congestion,small,low,Mon
2026-03-02,NAS100,SHORT,swing,24602.388217522657,24672.882326283987,-70.49,-7.05,sl,1,very_positive,positive,high,up,markdown,small,low,Mon
2026-03-02,NAS100,SHORT,swing,24635.135951661632,24705.703927492446,-70.57,-7.06,sl,2,very_positive,positive,high,up,markdown,small,low,Mon
2026-03-02,NAS100,SHORT,swing,24774.866314199397,24845.749471299092,-70.88,-7.09,sl,1,very_positive,positive,high,up,rotation_day,small,low,Mon
2026-03-02,NAS100,SHORT,swing,25042.473564954682,24954.5,87.97,8.8,eod,2,very_positive,positive,high,up,rotation_day,small,low,Mon
2026-03-06,NAS100,SHORT,scalp,25041.42692889561,25036.42692889561,5,0.5,trail,3,very_positive,positive,high,up,congestion,small,mid,Fri
2026-03-06,NAS100,SHORT,scalp,25064.061119515885,25059.061119515885,5,0.5,trail,3,very_positive,positive,high,up,congestion,small,mid,Fri
2026-03-06,NAS100,SHORT,swing,25078.082299546142,25002.31770045386,75.76,7.58,tp1,3,very_positive,positive,high,up,markdown,small,mid,Fri
2026-03-06,NAS100,SHORT,swing,24930.96006051437,24855.639939485627,75.32,7.53,tp1,3,very_positive,positive,high,up,markdown,small,mid,Fri
2026-03-06,NAS100,SHORT,swing,24861.354916792738,24786.24508320726,75.11,7.51,tp1,3,very_positive,positive,high,up,markdown,small,mid,Fri
2026-03-06,NAS100,SHORT,swing,24631.808169440243,24665.41225416036,-33.6,-3.36,sl,3,very_positive,positive,high,up,markdown,small,mid,Fri
2026-03-06,NAS100,SHORT,swing,24695.304084720123,24728.956127080182,-33.65,-3.37,sl,3,very_positive,positive,high,up,markdown,small,mid,Fri
2026-03-06,NAS100,SHORT,swing,24840.823903177003,24765.776096822992,75.05,7.5,tp1,4,very_positive,positive,high,up,rotation_day,small,mid,Fri
2026-03-06,NAS100,SHORT,swing,24788.54493192133,24822.267397881995,-33.72,-3.37,sl,3,very_positive,positive,high,up,rotation_day,small,mid,Fri
2026-03-06,NAS100,SHORT,swing,24823.998487140696,24749.001512859304,75,7.5,tp1,3,very_positive,positive,high,up,rotation_day,small,mid,Fri
2026-03-06,NAS100,SHORT,swing,24754.393343419062,24679.606656580938,74.79,7.48,tp1,3,very_positive,positive,high,up,rotation_day,small,mid,Fri
2026-03-06,NAS100,SHORT,swing,24671.768532526476,24597.231467473528,74.54,7.45,tp1,4,very_positive,positive,high,up,markdown,small,mid,Fri
2026-03-10,NAS100,SHORT,scalp,24929.55904617714,24924.55904617714,5,0.5,trail,2,very_positive,positive,high,flat,congestion,small,low,Tue
2026-03-10,NAS100,SHORT,swing,24972.087433762303,25081.32172596518,-109.23,-10.92,sl,2,very_positive,positive,high,flat,markdown,small,low,Tue
2026-03-10,NAS100,SHORT,swing,25023.241862225586,25132.66919000757,-109.43,-10.94,sl,3,very_positive,positive,high,flat,markdown,small,low,Tue
2026-03-19,NAS100,SHORT,swing,24434.789634146342,24429.789634146342,5,0.5,trail,2,very_positive,positive,high,down,markdown,small,low,Thu
2026-03-20,NAS100,SHORT,scalp,24360.62700228833,24355.62700228833,5,0.5,trail,3,positive,positive,high,down,congestion,medium,mid,Fri
2026-03-20,NAS100,SHORT,swing,24282.805491990846,24372.06483600305,-89.26,-8.93,sl,4,positive,positive,high,down,markdown,medium,mid,Fri
2026-03-20,NAS100,SHORT,swing,24296.673684210527,24148.0701754386,148.6,14.86,tp1,3,positive,positive,high,down,rotation_day,medium,mid,Fri
2026-03-20,NAS100,SHORT,swing,24224.938215102975,24076.773455377574,148.16,14.82,tp1,3,positive,positive,high,down,rotation_day,medium,mid,Fri
2026-03-20,NAS100,SHORT,swing,24011.82700228833,24100.257665903893,-88.43,-8.84,sl,4,positive,positive,high,down,markdown,medium,mid,Fri
2026-03-20,NAS100,SHORT,swing,24062.710297482838,23915.537757437072,147.17,14.72,tp1,3,positive,positive,high,down,markdown,medium,mid,Fri
2026-03-20,NAS100,SHORT,swing,23998.15835240275,23851.380625476737,146.78,14.68,tp1,4,positive,positive,high,down,rotation_day,medium,mid,Fri
2026-03-20,NAS100,SHORT,swing,23912.055835240277,23765.804729214342,146.25,14.63,tp1,3,positive,positive,high,down,markdown,medium,mid,Fri
2026-03-20,NAS100,SHORT,swing,23872.4466819222,23960.451106025936,-88,-8.8,sl,3,positive,positive,high,down,markdown,medium,mid,Fri
2026-03-20,NAS100,SHORT,swing,23812.78352402746,23900.60549199085,-87.82,-8.78,sl,3,positive,positive,high,down,markdown,medium,mid,Fri
2026-03-20,NAS100,SHORT,swing,23840.02105263158,23927.926315789475,-87.91,-8.79,sl,4,positive,positive,high,down,markdown,medium,mid,Fri
2026-03-23,NAS100,SHORT,swing,23571.04740061162,23611.04740061162,-40,-4,sl,1,very_positive,positive,high,down,markdown,medium,low,Mon
2026-03-23,NAS100,SHORT,swing,24088.86085626911,24128.86085626911,-40,-4,sl,1,very_positive,positive,high,down,markdown,medium,low,Mon
2026-03-25,NAS100,SHORT,swing,24308.685539403214,24161,147.69,14.77,eod,3,very_positive,positive,high,flat,markdown,small,mid,Wed
2026-03-30,NAS100,SHORT,scalp,23037.742681047766,22949.13597842835,88.61,8.86,tp1,1,neutral,positive,extreme,up,congestion,large,mid,Mon
2026-03-30,NAS100,SHORT,scalp,22995.878274268103,23035.878274268103,-40,-4,sl,1,neutral,positive,extreme,up,congestion,large,mid,Mon
2026-03-30,NAS100,SHORT,intraday,23064.38366718028,22975.674499229586,88.71,8.87,tp1,1,neutral,positive,extreme,up,markdown,large,mid,Mon
2026-03-30,NAS100,SHORT,intraday,23242.75808936826,23282.75808936826,-40,-4,sl,1,neutral,positive,extreme,up,rotation_day,large,mid,Mon
2026-03-30,NAS100,SHORT,intraday,23254.17565485362,23294.17565485362,-40,-4,sl,1,neutral,positive,extreme,up,markdown,large,mid,Mon
2026-03-30,NAS100,SHORT,intraday,23145.208012326657,23185.208012326657,-40,-4,sl,1,neutral,positive,extreme,up,markdown,large,mid,Mon
2026-03-30,NAS100,SHORT,intraday,23116.363636363636,23156.363636363636,-40,-4,sl,1,neutral,positive,extreme,up,markdown,large,mid,Mon
2026-03-30,NAS100,SHORT,intraday,23173.05084745763,23213.05084745763,-40,-4,sl,1,neutral,positive,extreme,up,markdown,large,mid,Mon
2026-03-30,NAS100,SHORT,intraday,22888.31278890601,22883.31278890601,5,0.5,trail,1,neutral,positive,extreme,up,markdown,large,mid,Mon
2026-03-30,NAS100,SHORT,intraday,22978.95223420647,22909.3,69.65,6.97,eod,1,neutral,positive,extreme,up,markdown,large,mid,Mon
2026-04-02,NAS100,SHORT,scalp,23979.719772727276,24012.9,-33.18,-3.32,sl,2,very_positive,positive,high,flat,congestion,small,low,Thu
2026-04-02,NAS100,SHORT,scalp,23962.732651515154,23995.9,-33.17,-3.32,sl,2,very_positive,positive,high,flat,congestion,small,low,Thu
2026-04-02,NAS100,SHORT,swing,23934.15431818182,23861.57159090909,72.58,7.26,tp1,2,very_positive,positive,high,flat,rotation_day,small,low,Thu
2026-04-02,NAS100,SHORT,swing,23664.059090909093,23697,-32.94,-3.29,sl,2,very_positive,positive,high,flat,markdown,small,low,Thu
2026-04-08,NAS100,SHORT,scalp,24569.30945537065,24602.796520423602,-33.49,-3.35,sl,1,positive,negative,high,down,congestion,small,low,Wed
2026-04-08,NAS100,SHORT,scalp,24873.310665658093,24868.310665658093,5,0.5,trail,1,positive,negative,high,down,congestion,small,low,Wed
2026-04-10,NAS100,SHORT,swing,25125.073097211756,25120.073097211756,5,0.5,trail,2,positive,negative,mid,down,rotation_day,medium,low,Fri
2026-04-10,NAS100,LONG,swing,25049.163526752072,25150,100.84,10.08,eod,3,positive,negative,mid,down,markup,small,low,Fri